Workbook

Sheet Employee Raw Data
A1: Employee ID | B1: Employee Name | C1: Age | D1: Gender | E1: City | F1: Department | G1: Job Role | H1: Salary | I1: Experience Years | J1: Education | K1: Attrition | L1: Performance Rating
A2: EMP1001 | B2: Vivaan Thakur | C2: 24 | D2: Male | E2: Pune | F2: Finance | G2: Financial Analyst | H2: 915113 | I2: 2 | J2: Bachelor's Degree | K2: Yes | L2: 3
A3: EMP1002 | B3: Rajat Gupta | C3: 39 | D3: Female | E3: Mumbai | F3: Finance | G3: Accountant | H3: 1058830 | I3: 8 | J3: Bachelor's Degree | K3: No | L3: 3
A4: EMP1003 | B4: Nisha Kumar | C4: 37 | D4: Male | E4: Bengaluru | F4: Finance | G4: Financial Analyst | H4: 916699 | I4: 4 | J4: Bachelor's Degree | K4: No | L4: 4
A5: EMP1004 | B5: Manish Reddy | C5: 21 | D5: Male | E5: Kolkata | F5: IT | G5: Software Engineer | H5: 909983 | I5: 0 | J5: Bachelor's Degree | K5: No | L5: 2
A6: EMP1005 | B6: Varun Pandey | C6: 27 | D6: Female | E6: Kolkata | F6: Finance | G6: Financial Analyst | H6: 1078060 | I6: 6 | J6: MBA | K6: Yes | L6: 3
A7: EMP1006 | B7: Rajat Chauhan | C7: 30 | D7: Female | E7: Ahmedabad | F7: Sales | G7: Business Development Executive | H7: 775124 | I7: 7 | J7: Master's Degree | K7: No | L7: 3
A8: EMP1007 | B8: Aarav Patel | C8: 33 | D8: Female | E8: Gurugram | F8: Research & Development | G8: R&D Specialist | H8: 1489182 | I8: 9 | J8: Bachelor's Degree | K8: No | L8: 3
A9: EMP1008 | B9: Priya Gupta | C9: 21 | D9: Male | E9: Hyderabad | F9: Finance | G9: Finance Manager | H9: 981326 | I9: 0 | J9: MBA | K9: No | L9: 2
A10: EMP1009 | B10: Karan Singh | C10: 36 | D10: Female | E10: Gurugram | F10: Operations | G10: Operations Manager | H10: 1406355 | I10: 10 | J10: MBA | K10: No | L10: 2
A11: EMP1010 | B11: Ishita Mishra | C11: 27 | D11: Female | E11: Ahmedabad | F11: Sales | G11: Sales Executive | H11: 528290 | I11: 1 | J11: Bachelor's Degree | K11: No | L11: 4
A12: EMP1011 | B12: Aditya Thakur | C12: 24 | D12: Female | E12: Noida | F12: Operations | G12: Operations Manager | H12: 1154589 | I12: 1 | J12: MBA | K12: No | L12: 3
A13: EMP1012 | B13: Riya Singh | C13: 34 | D13: Male | E13: Kolkata | F13: Sales | G13: Sales Executive | H13: 858089 | I13: 7 | J13: Master's Degree | K13: No | L13: 4
... A501: EMP1500 | B501: Kavya Malhotra | C501: 39 | D501: Female | E501: Kolkata | F501: Sales | G501: Sales Representative | H501: 972899 | I501: 9 | J501: MBA | K501: No | L501: 5

Sheet Data Preparation
A1: Employee ID | B1: Age | C1: Salary | D1: Experience years | E1: Attrition | F1: Performance Rating | G1: Department | H1: City | I1: Gender | J1: Age Group | K1: Salary Band | L1: Experience Band | M1: Attrition Flag
A2: EMP1001 | B2: 24 | C2: 915113 | D2: 2 | E2: Yes | F2: 3 | G2: Finance | H2: Pune | I2: Male | J2: =IF(B2<25,"21-24", IF(B2<30,"25-29", IF(B2<40,"30-39", IF(B2<50,"40-49","50+")))) -> 21-24 | K2: =IF(C2<500000,"Below 5 LPA", IF(C2<1000000,"5-10 LPA", IF(C2<1500000,"10-15 LPA","15+ LPA"))) -> 5-10 LPA | L2: =IF(D2<=2,"0-2 Years", IF(D2<=5,"3-5 Years", IF(D2<=10,"6-10 Years","10+ Years"))) -> 0-2 Years | M2: =IF(E2="Yes",1,0) -> 1
A3: EMP1002 | B3: 39 | C3: 1058830 | D3: 8 | E3: No | F3: 3 | G3: Finance | H3: Mumbai | I3: Female | J3: =IF(B3<25,"21-24", IF(B3<30,"25-29", IF(B3<40,"30-39", IF(B3<50,"40-49","50+")))) -> 30-39 | K3: =IF(C3<500000,"Below 5 LPA", IF(C3<1000000,"5-10 LPA", IF(C3<1500000,"10-15 LPA","15+ LPA"))) -> 10-15 LPA | L3: =IF(D3<=2,"0-2 Years", IF(D3<=5,"3-5 Years", IF(D3<=10,"6-10 Years","10+ Years"))) -> 6-10 Years | M3: =IF(E3="Yes",1,0) -> 0
A4: EMP1003 | B4: 37 | C4: 916699 | D4: 4 | E4: No | F4: 4 | G4: Finance | H4: Bengaluru | I4: Male | J4: =IF(B4<25,"21-24", IF(B4<30,"25-29", IF(B4<40,"30-39", IF(B4<50,"40-49","50+")))) -> 30-39 | K4: =IF(C4<500000,"Below 5 LPA", IF(C4<1000000,"5-10 LPA", IF(C4<1500000,"10-15 LPA","15+ LPA"))) -> 5-10 LPA | L4: =IF(D4<=2,"0-2 Years", IF(D4<=5,"3-5 Years", IF(D4<=10,"6-10 Years","10+ Years"))) -> 3-5 Years | M4: =IF(E4="Yes",1,0) -> 0
A5: EMP1004 | B5: 21 | C5: 909983 | D5: 0 | E5: No | F5: 2 | G5: IT | H5: Kolkata | I5: Male | J5: =IF(B5<25,"21-24", IF(B5<30,"25-29", IF(B5<40,"30-39", IF(B5<50,"40-49","50+")))) -> 21-24 | K5: =IF(C5<500000,"Below 5 LPA", IF(C5<1000000,"5-10 LPA", IF(C5<1500000,"10-15 LPA","15+ LPA"))) -> 5-10 LPA | L5: =IF(D5<=2,"0-2 Years", IF(D5<=5,"3-5 Years", IF(D5<=10,"6-10 Years","10+ Years"))) -> 0-2 Years | M5: =IF(E5="Yes",1,0) -> 0
A6: EMP1005 | B6: 27 | C6: 1078060 | D6: 6 | E6: Yes | F6: 3 | G6: Finance | H6: Kolkata | I6: Female | J6: =IF(B6<25,"21-24", IF(B6<30,"25-29", IF(B6<40,"30-39", IF(B6<50,"40-49","50+")))) -> 25-29 | K6: =IF(C6<500000,"Below 5 LPA", IF(C6<1000000,"5-10 LPA", IF(C6<1500000,"10-15 LPA","15+ LPA"))) -> 10-15 LPA | L6: =IF(D6<=2,"0-2 Years", IF(D6<=5,"3-5 Years", IF(D6<=10,"6-10 Years","10+ Years"))) -> 6-10 Years | M6: =IF(E6="Yes",1,0) -> 1
A7: EMP1006 | B7: 30 | C7: 775124 | D7: 7 | E7: No | F7: 3 | G7: Sales | H7: Ahmedabad | I7: Female | J7: =IF(B7<25,"21-24", IF(B7<30,"25-29", IF(B7<40,"30-39", IF(B7<50,"40-49","50+")))) -> 30-39 | K7: =IF(C7<500000,"Below 5 LPA", IF(C7<1000000,"5-10 LPA", IF(C7<1500000,"10-15 LPA","15+ LPA"))) -> 5-10 LPA | L7: =IF(D7<=2,"0-2 Years", IF(D7<=5,"3-5 Years", IF(D7<=10,"6-10 Years","10+ Years"))) -> 6-10 Years | M7: =IF(E7="Yes",1,0) -> 0
A8: EMP1007 | B8: 33 | C8: 1489182 | D8: 9 | E8: No | F8: 3 | G8: Research & Development | H8: Gurugram | I8: Female | J8: =IF(B8<25,"21-24", IF(B8<30,"25-29", IF(B8<40,"30-39", IF(B8<50,"40-49","50+")))) -> 30-39 | K8: =IF(C8<500000,"Below 5 LPA", IF(C8<1000000,"5-10 LPA", IF(C8<1500000,"10-15 LPA","15+ LPA"))) -> 10-15 LPA | L8: =IF(D8<=2,"0-2 Years", IF(D8<=5,"3-5 Years", IF(D8<=10,"6-10 Years","10+ Years"))) -> 6-10 Years | M8: =IF(E8="Yes",1,0) -> 0
A9: EMP1008 | B9: 21 | C9: 981326 | D9: 0 | E9: No | F9: 2 | G9: Finance | H9: Hyderabad | I9: Male | J9: =IF(B9<25,"21-24", IF(B9<30,"25-29", IF(B9<40,"30-39", IF(B9<50,"40-49","50+")))) -> 21-24 | K9: =IF(C9<500000,"Below 5 LPA", IF(C9<1000000,"5-10 LPA", IF(C9<1500000,"10-15 LPA","15+ LPA"))) -> 5-10 LPA | L9: =IF(D9<=2,"0-2 Years", IF(D9<=5,"3-5 Years", IF(D9<=10,"6-10 Years","10+ Years"))) -> 0-2 Years | M9: =IF(E9="Yes",1,0) -> 0
A10: EMP1009 | B10: 36 | C10: 1406355 | D10: 10 | E10: No | F10: 2 | G10: Operations | H10: Gurugram | I10: Female | J10: =IF(B10<25,"21-24", IF(B10<30,"25-29", IF(B10<40,"30-39", IF(B10<50,"40-49","50+")))) -> 30-39 | K10: =IF(C10<500000,"Below 5 LPA", IF(C10<1000000,"5-10 LPA", IF(C10<1500000,"10-15 LPA","15+ LPA"))) -> 10-15 LPA | L10: =IF(D10<=2,"0-2 Years", IF(D10<=5,"3-5 Years", IF(D10<=10,"6-10 Years","10+ Years"))) -> 6-10 Years | M10: =IF(E10="Yes",1,0) -> 0
A11: EMP1010 | B11: 27 | C11: 528290 | D11: 1 | E11: No | F11: 4 | G11: Sales | H11: Ahmedabad | I11: Female | J11: =IF(B11<25,"21-24", IF(B11<30,"25-29", IF(B11<40,"30-39", IF(B11<50,"40-49","50+")))) -> 25-29 | K11: =IF(C11<500000,"Below 5 LPA", IF(C11<1000000,"5-10 LPA", IF(C11<1500000,"10-15 LPA","15+ LPA"))) -> 5-10 LPA | L11: =IF(D11<=2,"0-2 Years", IF(D11<=5,"3-5 Years", IF(D11<=10,"6-10 Years","10+ Years"))) -> 0-2 Years | M11: =IF(E11="Yes",1,0) -> 0
A12: EMP1011 | B12: 24 | C12: 1154589 | D12: 1 | E12: No | F12: 3 | G12: Operations | H12: Noida | I12: Female | J12: =IF(B12<25,"21-24", IF(B12<30,"25-29", IF(B12<40,"30-39", IF(B12<50,"40-49","50+")))) -> 21-24 | K12: =IF(C12<500000,"Below 5 LPA", IF(C12<1000000,"5-10 LPA", IF(C12<1500000,"10-15 LPA","15+ LPA"))) -> 10-15 LPA | L12: =IF(D12<=2,"0-2 Years", IF(D12<=5,"3-5 Years", IF(D12<=10,"6-10 Years","10+ Years"))) -> 0-2 Years | M12: =IF(E12="Yes",1,0) -> 0
A13: EMP1012 | B13: 34 | C13: 858089 | D13: 7 | E13: No | F13: 4 | G13: Sales | H13: Kolkata | I13: Male | J13: =IF(B13<25,"21-24", IF(B13<30,"25-29", IF(B13<40,"30-39", IF(B13<50,"40-49","50+")))) -> 30-39 | K13: =IF(C13<500000,"Below 5 LPA", IF(C13<1000000,"5-10 LPA", IF(C13<1500000,"10-15 LPA","15+ LPA"))) -> 5-10 LPA | L13: =IF(D13<=2,"0-2 Years", IF(D13<=5,"3-5 Years", IF(D13<=10,"6-10 Years","10+ Years"))) -> 6-10 Years | M13: =IF(E13="Yes",1,0) -> 0
... A501: EMP1500 | B501: 39 | C501: 972899 | D501: 9 | E501: No | F501: 5 | G501: Sales | H501: Kolkata | I501: Female | J501: =IF(B501<25,"21-24", IF(B501<30,"25-29", IF(B501<40,"30-39", IF(B501<50,"40-49","50+")))) -> 30-39 | K501: =IF(C501<500000,"Below 5 LPA", IF(C501<1000000,"5-10 LPA", IF(C501<1500000,"10-15 LPA","15+ LPA"))) -> 5-10 LPA | L501: =IF(D501<=2,"0-2 Years", IF(D501<=5,"3-5 Years", IF(D501<=10,"6-10 Years","10+ Years"))) -> 6-10 Years | M501: =IF(E501="Yes",1,0) -> 0

Sheet Pivot Analysis
A1: KPI Summary
A2: Total Employees | B2: =COUNTA('Data Preparation'!A2:A501) -> 500
A3: Attrition Count | B3: =COUNTIF('Data Preparation'!E2:E501,"Yes") -> 114
A4: Attrition Rate | B4: =B3/B2 -> 0.228
A5: Average Salary | B5: =AVERAGE('Data Preparation'!C2:C501) -> 1101235.9
A7: Attrition | B7: Yes | E7: Attrition | F7: Yes | I7: Average Salary by Department
A8: Attrition by Department | E8: Attrition by Gender | I8: Row Labels | J8: Average of Salary
A9: Row Labels | B9: Count of Employee ID | E9: Row Labels | F9: Count of Employee ID | I9: Customer Support | J9: 774086.95
A10: Customer Support | B10: 14 | E10: Female | F10: 46 | I10: Finance | J10: 1141036.2
A11: Finance | B11: 10 | E11: Male | F11: 68 | I11: Human Resources | J11: 1011955.7
A12: Human Resources | B12: 12 | E12: Grand Total | F12: 114 | I12: IT | J12: 1438233.5
A13: IT | B13: 18 | I13: Marketing | J13: 1097746.5
A14: Marketing | B14: 11 | I14: Operations | J14: 957695.1
A15: Operations | B15: 17 | E15: Attrition | F15: Yes | I15: Research & Development | J15: 1439956.1
A16: Research & Development | B16: 11 | E16: Attrition by Salary Band | I16: Sales | J16: 796578.31
A17: Sales | B17: 21 | E17: Row Labels | F17: Count of Employee ID | I17: Grand Total | J17: 1101235.9
A18: Grand Total | B18: 114 | E18: 10-15 LPA | F18: 43
E19: 15+ LPA | F19: 12
A20: Attrition | B20: Yes | E20: 5-10 LPA | F20: 52 | I20: Attrition | J20: Yes
A21: Attrition by Age Group | E21: Below 5 LPA | F21: 7 | I21: Attrition by City
A22: Row Labels | B22: Count of Employee ID | E22: Grand Total | F22: 114 | I22: Row Labels | J22: Count of Employee ID
A23: 21-24 | B23: 29 | I23: Ahmedabad | J23: 12
A24: 25-29 | B24: 41 | I24: Bengaluru | J24: 11
A25: 30-39 | B25: 28 | E25: Attrition | F25: Yes | I25: Chennai | J25: 5
A26: 40-49 | B26: 15 | E26: Attrition by Experience Band | I26: Delhi | J26: 11
A27: 50+ | B27: 1 | E27: Row Labels | F27: Count of Employee ID | I27: Gurugram | J27: 11
A28: Grand Total | B28: 114 | E28: 0-2 Years | F28: 57 | I28: Hyderabad | J28: 14
E29: 10+ Years | F29: 13 | I29: Kolkata | J29: 13
E30: 3-5 Years | F30: 17 | I30: Mumbai | J30: 7
A31: Attrition | B31: Yes | E31: 6-10 Years | F31: 27 | I31: Noida | J31: 16
A32: Performance Rating vs Attrition | E32: Grand Total | F32: 114 | I32: Pune | J32: 14
A33: Row Labels | B33: Count of Employee ID | I33: Grand Total | J33: 114
A34: 1 | B34: 5
A35: 2 | B35: 21
A36: 3 | B36: 62
A37: 4 | B37: 20
A38: 5 | B38: 6
A39: Grand Total | B39: 114

Sheet  Dashboard
B1: HR ANALYTICS & ATTRITION DASHBOARD
B2: Employee Workforce & Attrition Insights
B4: TOTAL EMPLOYEES | E4: ATTRITION COUNT | H4: ATTRITION RATE | K4: Average Salary
B5: ='Pivot Analysis'!B2 -> 500 | E5: ='Pivot Analysis'!B3 -> 114 | H5: ='Pivot Analysis'!B4 -> 0.228 | K5: ='Pivot Analysis'!B5 -> 1101235.9
